row_idx,mirna_seq,bind_label,n_samples,n_valid,tanimoto_mean_pairwise,tanimoto_median_pairwise,tanimoto_min_pairwise,tanimoto_max_pairwise
0,UGAUAUGUCUGGUAUUCUUGGGUU,1,3,1,,,,
1,UGAGAUCAUUAGUUGAAAGCCGA,1,3,1,,,,
2,UAAGGCACGCGGUGAAUGCCAA,1,3,2,0.4262295081967213,0.4262295081967213,0.4262295081967213,0.4262295081967213
3,UCCCUGAGACCCUAACUUGUGA,1,3,2,1.0,1.0,1.0,1.0
4,UGAGAUGAAGCACUGUAGCUC,1,3,3,0.3846153846153846,0.07692307692307693,0.07692307692307693,1.0
5,UUUGGCAAUGGUAGAACUCACA,1,3,3,0.22333779562695225,0.07228915662650602,0.05555555555555555,0.5421686746987951
6,UGUGCAAAUCCAUGCAAAACUCG,1,3,2,0.48,0.48,0.48,0.48
7,UCCUUCAUUCCACCGGAGUCUG,1,3,1,,,,
8,UUGUGCUUGAUCUAACCAUGCA,1,3,1,,,,
